Name,Date of Birth,Phone,Address,Credit Card,Email
Keylex,1980-08-18,(+54)319 112 83 44,97 Old Gate Avenue,5108751646736710,Keylex@alexa.com
Luz,1983-08-18,(+54)319 133 44 44,97 Old Gate Avenue,5108751646736710,Luz@alexa.com
Pedro,1982-08-18,(+54)319 112 22 44,97 Old Gate Avenue,5108751646736710,Pedro@alexa.com
Miguel,1981-08-18,(+54)319 112 11 44,97 Old Gate Avenue,4111111111111111,Miguel@alexa.com
Alberto,1960-08-18,(+54)319 112 44 44,97 Old Gate Avenue,4111111111111111,Alberto@alexa.com
Camilla,,(+54)319 112 83 44,97 Old Gate Avenue,5108751646736710,Camilla@alexa.com
Hellen,1980-08-18,(+54)319 112 83 44,97 Old Gate Avenue,5108751646736710,Hellen@alexa.com
Kymberly,1980-08-18,,97 Old Gate Avenue,5108751646736710,Kymberly@alexa.com
Bryan,1980-08-18,(+54)319 112 83 44,97 Old Gate Avenue,4111111111111111,Bryan@alexa.com
Bruno,1980-08-18,(+54)319 112 83 44,97 Old Gate Avenue,5108751646736710,Bruno@alexa.com
Stacy,1980-08-18,(+54)319 112 83 44,97 Old Gate Avenue,5108751646736710,Stacy@alexa.com
Carl,1980-08-18,(+54)319 112 83 44,97 Old Gate Avenue,,Carl@alexa.com
Tommy,12-10-1994,(+54)319 112 83 44,97 Old Gate Avenue,5108751646736710,Tommy@alexa.com
Ryan,1980-08-18,(+54)319 112 83 44,97 Old Gate Avenue,5108751646736710,Ryan@alexa.com
Roberto,2000-08-18,54 319 112 83 44,97 Old Gate Avenue,4111111111111111,Roberto@alexa.com
Pepe,,(+54)319 112 83 44,97 Old Gate Avenue,5108751646736710,Pepe@alexa.com
Franco,1980-08-18,(+54)319 112 83 44,97 Old Gate Avenue,5108751646736710,Franco@alexa.com
John,1995-08-18,,97 Old Gate Avenue,5108751646736710,John@alexa.com
Mauro,1990-08-18,(+54)319 112 83 44,97 Old Gate Avenue,5108751646736710,Mauro@alexa.com
Muriel,1982-08-18,(+54)319 112 83 44,,5108751646736710,Muriel@alexa.com